,2022-09-19,2022-09-20,2022-09-21,2022-09-22,2022-09-23,2022-09-24,2022-09-25,2022-09-26
John,1,1,1,1,1,1,1,1
Ivy,1,1,1,1,1,1,1,1
Sam,1,1,1,1,1,1,1,1
Lucy,1,1,1,1,1,1,1,1
Rebecca,1,1,1,1,1,1,1,1
jason,1,1,1,1,1,1,1,1
Nigel,1,1,1,1,1,1,1,1
Bruce,1,1,1,1,1,1,1,1
Casey,1,1,1,1,1,1,1,1
Simon ,1,1,1,1,1,1,1,1
Robert,1,1,1,1,1,1,1,1
Patricia,1,1,1,1,1,1,1,1
June,1,1,1,1,1,1,1,1
Bill,1,1,1,1,1,1,1,1
Roy,1,1,1,1,1,1,1,1
Joanne,1,1,1,1,1,1,1,1
Dylan,1,1,1,1,1,1,1,1
Joel,1,1,1,1,1,1,1,1
Carly,1,1,1,1,1,1,1,1
Bobby,1,1,1,1,1,1,1,1
Dipesh,1,1,1,1,1,1,1,1
